Workbook

Sheet Surprise
A1: Metric | B1: Actual % | C1: Consensus % | D1: OS hypothesis % | E1: Surprise vs consensus (pp) | F1: Error of OS hypothesis (pp)
A2: headline_mom | B2: 0.6 | C2: 0.6 | D2: 0.58 | E2: =IF(B2="","PENDING",B2-C2) | F2: =IF(B2="","PENDING",B2-D2)
A3: headline_yoy | B3: 3.7 | C3: 3.6 | D3: 3.6 | E3: =IF(B3="","PENDING",B3-C3) | F3: =IF(B3="","PENDING",B3-D3)
A4: core_mom | B4: 0.3 | C4: 0.2 | D4: 0.22 | E4: =IF(B4="","PENDING",B4-C4) | F4: =IF(B4="","PENDING",B4-D4)
A5: core_yoy | B5: 2.6 | C5: 2.5 | D5: 2.4 | E5: =IF(B5="","PENDING",B5-C5) | F5: =IF(B5="","PENDING",B5-D5)
A7: Hot threshold core m/m % | B7: 0.25
A8: Cool threshold core m/m % | B8: 0.15
A9: Classification | B9: =IF(B4="","PENDING",IF(OR(B4>=B7,E4>=0.1),"HOT",IF(E4<=-0.1,"COOL","IN-LINE")))

Sheet Calibration
A1: Scenario | B1: Prior p | C1: Base rate | D1: Gap (pp) | E1: Shrink? (|gap|>20pp) | F1: Shrunk p | G1: Outcome (1/0) | H1: Brier prior | I1: Brier calibrated | J1: Brier base | K1: Calibrated p (renormalised) | M1: Shrink factor (≥0.5) | N1: 0.5
A2: cool | B2: 0.25 | C2: 0.13888889 | D2: =(B2-C2)*100 | E2: =ABS(B2-C2)>$N$2 | F2: =IF(E2,C2+(1-$N$1)*(B2-C2),B2) | G2: =IF(Surprise!$B$9="PENDING","",IF(UPPER(A2)=IF(Surprise!$B$9="IN-LINE","INLINE",Surprise!$B$9),1,0)) | H2: =(B2-G2)^2 | I2: =(K2-G2)^2 | J2: =(C2-G2)^2 | K2: =F2/SUM($F$2:$F$4) | M2: Gap threshold | N2: 0.2
A3: inline | B3: 0.5 | C3: 0.33333333 | D3: =(B3-C3)*100 | E3: =ABS(B3-C3)>$N$2 | F3: =IF(E3,C3+(1-$N$1)*(B3-C3),B3) | G3: =IF(Surprise!$B$9="PENDING","",IF(UPPER(A3)=IF(Surprise!$B$9="IN-LINE","INLINE",Surprise!$B$9),1,0)) | H3: =(B3-G3)^2 | I3: =(K3-G3)^2 | J3: =(C3-G3)^2 | K3: =F3/SUM($F$2:$F$4)
A4: hot | B4: 0.25 | C4: 0.52777778 | D4: =(B4-C4)*100 | E4: =ABS(B4-C4)>$N$2 | F4: =IF(E4,C4+(1-$N$1)*(B4-C4),B4) | G4: =IF(Surprise!$B$9="PENDING","",IF(UPPER(A4)=IF(Surprise!$B$9="IN-LINE","INLINE",Surprise!$B$9),1,0)) | H4: =(B4-G4)^2 | I4: =(K4-G4)^2 | J4: =(C4-G4)^2 | K4: =F4/SUM($F$2:$F$4)
A5: TOTAL | B5: =SUM(B2:B4) | C5: =SUM(C2:C4) | F5: =SUM(F2:F4) | G5: =SUM(G2:G4) | H5: =SUM(H2:H4) | I5: =SUM(I2:I4) | J5: =SUM(J2:J4) | K5: =SUM(K2:K4)

Sheet BaseRate
A1: Month # | B1: Core CPI m/m % (FRED CPILFESL) | C1: Bucket | E1: cool share | F1: =COUNTIF(C2:C37,"cool")/COUNTA(C2:C37)
A2: 1 | B2: 0.2007 | C2: =IF(B2<=0.15,"cool",IF(B2>=0.25,"hot","inline")) | E2: inline share | F2: =COUNTIF(C2:C37,"inline")/COUNTA(C2:C37)
A3: 2 | B3: 0.3098 | C3: =IF(B3<=0.15,"cool",IF(B3>=0.25,"hot","inline")) | E3: hot share | F3: =COUNTIF(C2:C37,"hot")/COUNTA(C2:C37)
A4: 3 | B4: 0.2956 | C4: =IF(B4<=0.15,"cool",IF(B4>=0.25,"hot","inline"))
A5: 4 | B5: 0.3002 | C5: =IF(B5<=0.15,"cool",IF(B5>=0.25,"hot","inline"))
A6: 5 | B6: 0.257 | C6: =IF(B6<=0.15,"cool",IF(B6>=0.25,"hot","inline"))
A7: 6 | B7: 0.3589 | C7: =IF(B7<=0.15,"cool",IF(B7>=0.25,"hot","inline"))
A8: 7 | B8: 0.3961 | C8: =IF(B8<=0.15,"cool",IF(B8>=0.25,"hot","inline"))
A9: 8 | B9: 0.3891 | C9: =IF(B9<=0.15,"cool",IF(B9>=0.25,"hot","inline"))
A10: 9 | B10: 0.2705 | C10: =IF(B10<=0.15,"cool",IF(B10>=0.25,"hot","inline"))
A11: 10 | B11: 0.1404 | C11: =IF(B11<=0.15,"cool",IF(B11>=0.25,"hot","inline"))
A12: 11 | B12: 0.0927 | C12: =IF(B12<=0.15,"cool",IF(B12>=0.25,"hot","inline"))
A13: 12 | B13: 0.1727 | C13: =IF(B13<=0.15,"cool",IF(B13>=0.25,"hot","inline"))
A14: 13 | B14: 0.254 | C14: =IF(B14<=0.15,"cool",IF(B14>=0.25,"hot","inline"))
A15: 14 | B15: 0.3071 | C15: =IF(B15<=0.15,"cool",IF(B15>=0.25,"hot","inline"))
... A37: 36 | B37: 0.2898 | C37: =IF(B37<=0.15,"cool",IF(B37>=0.25,"hot","inline"))

Sheet ScenarioScoring
A1: Scenario | B1: Calibrated p | C1: Outcome | D1: Log score (ln p of realised)
A2: cool | B2: =Calibration!K2 | C2: =Calibration!G2 | D2: =IF(C2=1,LN(MAX(B2,0.001)),"")
A3: inline | B3: =Calibration!K3 | C3: =Calibration!G3 | D3: =IF(C3=1,LN(MAX(B3,0.001)),"")
A4: hot | B4: =Calibration!K4 | C4: =Calibration!G4 | D4: =IF(C4=1,LN(MAX(B4,0.001)),"")
A5: Score (higher better) | D5: =SUM(D2:D4)

Sheet Sensitivity
A1: Ticker | B1: Sensitivity % per +10bp | C1: 10Y change bp | D1: Predicted % | E1: Actual % | F1: Error pp | G1: |Error|
A2: CCL | B2: -2.59 | C2: -2.699995 | D2: =B2*C2/10 | E2: 0.94410878 | F2: =E2-D2 | G2: =ABS(F2)
A3: ARM | B3: -2.56 | C3: -2.699995 | D3: =B3*C3/10 | E3: 0.058765826 | F3: =E3-D3 | G3: =ABS(F3)
A4: SPCX | B4: -2.56 | C4: -2.699995 | D4: =B4*C4/10 | E4: -4.210014 | F4: =E4-D4 | G4: =ABS(F4)
A5: MRVL | B5: -1.84 | C5: -2.699995 | D5: =B5*C5/10 | E5: 1.0795252 | F5: =E5-D5 | G5: =ABS(F5)
A6: RKLB | B6: -1.77 | C6: -2.699995 | D6: =B6*C6/10 | E6: -2.267536 | F6: =E6-D6 | G6: =ABS(F6)
A7: INTC | B7: -1.53 | C7: -2.699995 | D7: =B7*C7/10 | E7: 1.4405517 | F7: =E7-D7 | G7: =ABS(F7)
A8: GLW | B8: -1.49 | C8: -2.699995 | D8: =B8*C8/10 | E8: 0.85550959 | F8: =E8-D8 | G8: =ABS(F8)
A9: KLAC | B9: -1.21 | C9: -2.699995 | D9: =B9*C9/10 | E9: -3.2190171 | F9: =E9-D9 | G9: =ABS(F9)
A10: CIEN | B10: -1.18 | C10: -2.699995 | D10: =B10*C10/10 | E10: -1.1382474 | F10: =E10-D10 | G10: =ABS(F10)
A11: QCOM | B11: -1.16 | C11: -2.699995 | D11: =B11*C11/10 | E11: 1.3931136 | F11: =E11-D11 | G11: =ABS(F11)
A12: AMD | B12: -1.05 | C12: -2.699995 | D12: =B12*C12/10 | E12: 1.8999124 | F12: =E12-D12 | G12: =ABS(F12)
A13: NDX | B13: -0.67 | C13: -2.699995 | D13: =B13*C13/10 | E13: -2.0237965 | F13: =E13-D13 | G13: =ABS(F13)
A14: SOX | B14: -0.89 | C14: -2.699995 | D14: =B14*C14/10 | E14: -4.2953251 | F14: =E14-D14 | G14: =ABS(F14)
A15: MAE | G15: =AVERAGE(G2:G14)
A16: Model holds? (MAE ≤1.5pp) | G16: =IF(G15<=1.5,"YES","NO")

Sheet Kalshi
A1: Meeting | B1: Outcome | C1: Last price | D1: Prior-day price | E1: Change (pp) | F1: Fetched
A2: OCT | B2: Cut >25bps | C2: 0.01 | D2: 0.01 | E2: =(C2-D2)*100 | F2: 2026-10-15 08:00 MYT
A3: OCT | B3: Cut 25bps | C3: 0.01 | D3: 0.01 | E3: =(C3-D3)*100 | F3: 2026-10-15 08:00 MYT
A4: OCT | B4: Fed maintains rate | C4: 0.68 | D4: 0.8 | E4: =(C4-D4)*100 | F4: 2026-10-15 08:00 MYT
A5: OCT | B5: Hike 25bps | C5: 0.3 | D5: 0.19 | E5: =(C5-D5)*100 | F5: 2026-10-15 08:00 MYT
A6: OCT | B6: Hike >25bps | C6: 0.01 | D6: 0.01 | E6: =(C6-D6)*100 | F6: 2026-10-15 08:00 MYT
A7: DEC | B7: Fed maintains rate | C7: 0.19 | D7: 0.24 | E7: =(C7-D7)*100 | F7: 2026-10-15 08:00 MYT
A8: DEC | B8: Cut >25bps | C8: 0.01 | D8: 0.01 | E8: =(C8-D8)*100 | F8: 2026-10-15 08:00 MYT
A9: DEC | B9: Cut 25bps | C9: 0.02 | D9: 0.01 | E9: =(C9-D9)*100 | F9: 2026-10-15 08:00 MYT
A10: DEC | B10: Hike 25bps | C10: 0.79 | D10: 0.75 | E10: =(C10-D10)*100 | F10: 2026-10-15 08:00 MYT
A11: DEC | B11: Hike >25bps | C11: 0.04 | D11: 0.02 | E11: =(C11-D11)*100 | F11: 2026-10-15 08:00 MYT
A12: Locked pre-event Oct hike | C12: 0.2

Sheet SourceLedger
A1: Item | B1: Value | C1: Source | D1: Time
A2: CPI 实际（核心/整体 环比、同比） | B2: {'headline_mom': 0.6, 'headline_yoy': 3.7, 'core_mom': 0.3, 'core_yoy': 2.6} | C2: BLS API（SA 算环比，NSA 算同比） | D2: 2026-10-14 20:30 SGT
A3: 共识 | B3: 核心环比 0.2%、同比 2.5% | C3: 事前书 v20261013-1803（锁定） | D3: 2026-10-13T18:03:00+08:00
A4: 10Y 变动 | B4: -2.7bp | C4: yfinance ^TNX | D4: 2026-10-14 收盘
A5: Kalshi 10 月加息 | B5: 0.31 | C5: Kalshi 公开 API KXFEDDECISION-26OCT | D5: 2026-10-15 08:00 MYT
A6: Kalshi 12 月会议加息 | B6: 0.8300000000000001 | C6: Kalshi 公开 API KXFEDDECISION-26DEC | D6: 2026-10-15 08:00 MYT
A7: 利率敏感度 | B7: 13 只 | C7: 事前书 §利率敏感度（过去一年回归，R² 低） | D7: 2026-10-13T18:03:00+08:00
A8: 基础概率 | B8: 偏冷/符合/偏热 14%/33%/53% | C8: FRED CPILFESL 过去 36 个月 | D8: 本次运行
A9: 个股/指数涨跌 | B9: 17 项 | C9: yfinance | D9: 2026-10-14

Sheet AssumptionRegister
A1: No. | B1: Assumption | C1: Type | D1: Test / failure condition
A2: 1 | B2: 偏热阈值：核心环比 ≥0.25% 或意外 ≥+0.1pp | C2: ASSUMPTION | D2: 若市场对 0.25% 无反应，阈值需上调
A3: 2 | B3: 利率敏感度在事件日仍成立 | C3: HYPOTHESIS | D3: 偏差 MAE > 1.5pp 视为失效（Excel Sensitivity!MAE）
A4: 3 | B4: Kalshi 最新成交价≈市场概率 | C4: ASSUMPTION | D4: 成交稀薄/价差 >5c 时不可靠
A5: 4 | B5: 36 个月基础概率代表当前通胀体制 | C5: ASSUMPTION | D5: 若体制切换（如连续加息周期），基础概率需重算
A6: 5 | B6: 概率校准规则：差 >20pp 收缩 ≥50% | C6: RULE (master prompt v2026-10-14) | D6: 累计 Brier 若校准后更差则复核规则
